Date,Product,Category,Sales,Quantity
2024-01-01,Laptop,Electronics,80000,2
2024-01-05,Phone,Electronics,50000,3
2024-01-10,Chair,Furniture,12000,4
2024-01-15,Table,Furniture,25000,2
2024-02-01,Laptop,Electronics,90000,2
2024-02-08,Phone,Electronics,45000,3
2024-02-15,Desk,Furniture,30000,1
2024-02-20,Chair,Furniture,15000,5
2024-03-01,Laptop,Electronics,85000,2
2024-03-10,Phone,Electronics,60000,4
2024-03-15,Table,Furniture,28000,2
2024-03-20,Desk,Furniture,35000,2
2024-04-01,Laptop,Electronics,95000,3
2024-04-10,Phone,Electronics,55000,3
2024-04-18,Chair,Furniture,18000,5
2024-04-25,Table,Furniture,32000,2